Kategori,Alt Kategori,Kod,İngilizce Açıklama,Tr Açıklama,ICF Gösterim ekranı
b,b1 — Mental Fonksiyonlar — Mental Functions,b110,Consciousness functions,Bilinç fonksiyonları  ,b110 — Consciousness functions — Bilinç fonksiyonları  
b,b1 — Mental Fonksiyonlar — Mental Functions,b114,Orientation functions,Yönelim fonksiyonları  ,b114 — Orientation functions — Yönelim fonksiyonları  
b,b1 — Mental Fonksiyonlar — Mental Functions,b117,Intellectual functions,Zihinsel işlevler  ,b117 — Intellectual functions — Zihinsel (entelektüel) fonksiyonlar  
b,b1 — Mental Fonksiyonlar — Mental Functions,b122,Global psychosocial functions,Genel psikososyal fonksiyonlar  ,b122 — Global psychosocial functions — Genel psikososyal fonksiyonlar  
b,b1 — Mental Fonksiyonlar — Mental Functions,b126,Temperament and personality functions,Mizaç ve kişilik fonksiyonları  ,b126 — Temperament and personality functions — Mizaç ve kişilik fonksiyonları  
b,b1 — Mental Fonksiyonlar — Mental Functions,b130,Energy and drive functions,Enerji ve güdü fonksiyonları  ,b130 — Energy and drive functions — Enerji ve güdü (istek) fonksiyonları  
b,b1 — Mental Fonksiyonlar — Mental Functions,b134,Sleep functions,Uyku fonksiyonları  ,b134 — Sleep functions — Uyku fonksiyonları  
b,b1 — Mental Fonksiyonlar — Mental Functions,b140,Attention functions,Dikkat fonksiyonları  ,b140 — Attention functions — Dikkat fonksiyonları  
b,b1 — Mental Fonksiyonlar — Mental Functions,b144,Memory functions,Hafıza fonksiyonları  ,b144 — Memory functions — Hafıza fonksiyonları  
b,b1 — Mental Fonksiyonlar — Mental Functions,b147,Psychomotor functions,Psikomotor fonksiyonlar  ,b147 — Psychomotor functions — Psikomotor fonksiyonlar  
b,b1 — Mental Fonksiyonlar — Mental Functions,b152,Emotional functions,Duygusal fonksiyonlar  ,b152 — Emotional functions — Duygusal fonksiyonlar  
b,b1 — Mental Fonksiyonlar — Mental Functions,b156,Perceptual functions,Algısal fonksiyonlar  ,b156 — Perceptual functions — Algı fonksiyonları  
b,b1 — Mental Fonksiyonlar — Mental Functions,b160,Thought functions,Düşünme işlevleri  ,b160 — Thought functions — Düşünce fonksiyonları  
b,b1 — Mental Fonksiyonlar — Mental Functions,b164,Higher-level cognitive functions,Üst düzey bilişsel işlevler  ,b164 — Higher-level cognitive functions — Üst düzey bilişsel fonksiyonlar  
b,b1 — Mental Fonksiyonlar — Mental Functions,b167,Mental functions of language,Dil ile ilgili zihinsel işlevler  ,b167 — Mental functions of language — Dilin zihinsel fonksiyonları  
b,b1 — Mental Fonksiyonlar — Mental Functions,b172,Calculation functions,Hesaplama işlevleri  ,b172 — Calculation functions — Hesaplama fonksiyonları  
b,b1 — Mental Fonksiyonlar — Mental Functions,b176,Mental functions of sequencing complex movements,Karmaşık hareket dizilerini sıralama ile ilgili zihinsel fonksiyonlar,b176 — Mental functions of sequencing complex movements — Karmaşık hareketleri sıralama ile ilgili zihinsel fonksiyonlar  
b,b1 — Mental Fonksiyonlar — Mental Functions,b180,Experience of self and time functions,Benlik ve zaman algısıyla ilgili zihinsel fonksiyonlar,b180 — Experience of self and time functions — Benlik ve zaman algısı fonksiyonları  
b,b2 — Duyusal Fonksiyonlar ve Ağrı — Sensory Functions and Pain,b210,Seeing functions,Görme fonksiyonları,b210 — Seeing functions — Görme fonksiyonları  
b,b2 — Duyusal Fonksiyonlar ve Ağrı — Sensory Functions and Pain,b215,Functions of structures adjoining the eye,Gözle ilişkili yapıların fonksiyonları,b215 — Functions of structures adjoining the eye — Göze komşu yapıların fonksiyonları  
b,b2 — Duyusal Fonksiyonlar ve Ağrı — Sensory Functions and Pain,b220,Sensations associated with the eye and adjoining structures,Göz ve ilişkili yapılarla ilişkili duyumlar,b220 — Sensations associated with the eye and adjoining structures — Göz ve çevresindeki yapılarla ilişkili duyular  
b,b2 — Duyusal Fonksiyonlar ve Ağrı — Sensory Functions and Pain,b225,Visual acuity functions,Görsel keskinlik (görme netliği) fonksiyonları,b225 — Visual acuity functions — Görme keskinliği fonksiyonları  
b,b2 — Duyusal Fonksiyonlar ve Ağrı — Sensory Functions and Pain,b230,Hearing functions,Ses işitme işlevleri  ,b230 — Hearing functions — İşitme fonksiyonları  
b,b2 — Duyusal Fonksiyonlar ve Ağrı — Sensory Functions and Pain,b235,Vestibular functions,Vestibüler işlevler  ,b235 — Vestibular functions — Vestibüler (dengeyle ilgili) fonksiyonlar  
b,b2 — Duyusal Fonksiyonlar ve Ağrı — Sensory Functions and Pain,b240,Sensations associated with hearing and vestibular function,İşitme ve denge (vestibüler) fonksiyonlarıyla ilişkili duyumlar,b240 — Sensations associated with hearing and vestibular function — İşitme ve denge fonksiyonlarıyla ilişkili duyular  
b,b2 — Duyusal Fonksiyonlar ve Ağrı — Sensory Functions and Pain,b250,Taste function,Tat alma fonksiyonu,b250 — Taste function — Tat alma fonksiyonu  
b,b2 — Duyusal Fonksiyonlar ve Ağrı — Sensory Functions and Pain,b255,Smell function,Koku alma fonksiyonu,b255 — Smell function — Koku alma fonksiyonu  
b,b2 — Duyusal Fonksiyonlar ve Ağrı — Sensory Functions and Pain,b260,Proprioceptive function,Propriyoseptif (pozisyon/hareket algısı) fonksiyonu,b260 — Proprioceptive function — Propriyoseptif (pozisyon hissi) fonksiyon  
b,b2 — Duyusal Fonksiyonlar ve Ağrı — Sensory Functions and Pain,b265,Touch function,Dokunma fonksiyonu,b265 — Touch function — Dokunma fonksiyonu  
b,b2 — Duyusal Fonksiyonlar ve Ağrı — Sensory Functions and Pain,b270,Sensory functions related to temperature and other stimuli,Sıcaklık ve diğer uyaranlarla ilişkili duyusal fonksiyonlar,b270 — Sensory functions related to temperature and other stimuli — Sıcaklık ve diğer uyaranlara ilişkin duyusal fonksiyonlar  
b,b2 — Duyusal Fonksiyonlar ve Ağrı — Sensory Functions and Pain,b280,Sensation of pain,Ağrı duyumu,b280 — Sensation of pain — Ağrı hissi  
b,b3 — Ses ve Konuşma Fonksiyonları — Voice and Speech Functions,b310,Voice functions,Ses üretimi fonksiyonları,b310 — Voice functions — Ses fonksiyonları  
b,b3 — Ses ve Konuşma Fonksiyonları — Voice and Speech Functions,b320,Articulation functions,Artikülasyon (seslerin doğru çıkarımı) fonksiyonları,b320 — Articulation functions — Artikülasyon (boğumlama) fonksiyonları  
b,b3 — Ses ve Konuşma Fonksiyonları — Voice and Speech Functions,b330,Fluency and rhythm of speech functions,Konuşma akıcılığı ve ritmi fonksiyonları,b330 — Fluency and rhythm of speech functions — Konuşma akıcılığı ve ritmi fonksiyonları  
b,b3 — Ses ve Konuşma Fonksiyonları — Voice and Speech Functions,b340,Alternative vocalization functions,Alternatif ses üretim fonksiyonları,b340 — Alternative vocalization functions — Alternatif ses çıkarma fonksiyonları  
b,"b4 — Kardiyovasküler, Hematolojik, İmmün ve Solunum Sistem Fonksiyonları — Functions of the Cardiovascular, Haematological, Immunological and Respiratory Systems",b410,Heart functions,Kalp fonksiyonları,b410 — Heart functions — Kalp fonksiyonları  
b,"b4 — Kardiyovasküler, Hematolojik, İmmün ve Solunum Sistem Fonksiyonları — Functions of the Cardiovascular, Haematological, Immunological and Respiratory Systems",b415,Blood vessel functions,Kan damarlarının işlevleri,b415 — Blood vessel functions — Kan damarlarının fonksiyonları  
b,"b4 — Kardiyovasküler, Hematolojik, İmmün ve Solunum Sistem Fonksiyonları — Functions of the Cardiovascular, Haematological, Immunological and Respiratory Systems",b420,Blood pressure functions,Kan basıncı düzenleme işlevleri,b420 — Blood pressure functions — Kan basıncı fonksiyonları  
b,"b4 — Kardiyovasküler, Hematolojik, İmmün ve Solunum Sistem Fonksiyonları — Functions of the Cardiovascular, Haematological, Immunological and Respiratory Systems",b430,Hematological system functions,Hematolojik sistemin işlevleri,b430 — Hematological system functions — Hematolojik sistem fonksiyonları  
b,"b4 — Kardiyovasküler, Hematolojik, İmmün ve Solunum Sistem Fonksiyonları — Functions of the Cardiovascular, Haematological, Immunological and Respiratory Systems",b435,Immunological system functions,Bağışıklık sisteminin işlevleri,b435 — Immunological system functions — Bağışıklık sistemi fonksiyonları  
b,"b4 — Kardiyovasküler, Hematolojik, İmmün ve Solunum Sistem Fonksiyonları — Functions of the Cardiovascular, Haematological, Immunological and Respiratory Systems",b440,Respiration functions,Solunumun fizyolojik işlevleri,b440 — Respiration functions — Solunum fonksiyonları  
b,"b4 — Kardiyovasküler, Hematolojik, İmmün ve Solunum Sistem Fonksiyonları — Functions of the Cardiovascular, Haematological, Immunological and Respiratory Systems",b445,Respiratory muscle functions,Solunum kaslarının işlevleri,b445 — Respiratory muscle functions — Solunum kası fonksiyonları  
b,"b4 — Kardiyovasküler, Hematolojik, İmmün ve Solunum Sistem Fonksiyonları — Functions of the Cardiovascular, Haematological, Immunological and Respiratory Systems",b450,Additional respiratory functions,Diğer solunumla ilgili işlevler,b450 — Additional respiratory functions — Ek solunum fonksiyonları  
b,"b4 — Kardiyovasküler, Hematolojik, İmmün ve Solunum Sistem Fonksiyonları — Functions of the Cardiovascular, Haematological, Immunological and Respiratory Systems",b455,Exercise tolerance functions,Egzersiz toleransı,b455 — Exercise tolerance functions — Egzersiz toleransı fonksiyonları  
b,"b4 — Kardiyovasküler, Hematolojik, İmmün ve Solunum Sistem Fonksiyonları — Functions of the Cardiovascular, Haematological, Immunological and Respiratory Systems",b460,Sensations associated with cardiovascular and respiratory functions,Kardiyovasküler ve solunum sistemlerine ilişkin duyusal algılar,b460 — Sensations associated with cardiovascular and respiratory functions — Kardiyovasküler ve solunum fonksiyonlarına ilişkin duyular  
b,"b4 — Kardiyovasküler, Hematolojik, İmmün ve Solunum Sistem Fonksiyonları — Functions of the Cardiovascular, Haematological, Immunological and Respiratory Systems",b465,Sensations associated with the digestive system,Gastrointestinal sistemle ilgili duyusal algılar,b465 — Sensations associated with the digestive system — Sindirim sistemine ilişkin duyular  
b,"b4 — Kardiyovasküler, Hematolojik, İmmün ve Solunum Sistem Fonksiyonları — Functions of the Cardiovascular, Haematological, Immunological and Respiratory Systems",b470,Hunger functions,Açlık hissi ve düzenlenmesi,b470 — Hunger functions — Açlık fonksiyonları  
b,"b4 — Kardiyovasküler, Hematolojik, İmmün ve Solunum Sistem Fonksiyonları — Functions of the Cardiovascular, Haematological, Immunological and Respiratory Systems",b475,Digestive functions,Sindirim sistemi işlevleri,b475 — Digestive functions — Sindirim fonksiyonları  
b,"b4 — Kardiyovasküler, Hematolojik, İmmün ve Solunum Sistem Fonksiyonları — Functions of the Cardiovascular, Haematological, Immunological and Respiratory Systems",b480,Assimilation functions,Besinlerin emilimi ve asimilasyonu,b480 — Assimilation functions — Emilim (asimilasyon) fonksiyonları  
b,"b4 — Kardiyovasküler, Hematolojik, İmmün ve Solunum Sistem Fonksiyonları — Functions of the Cardiovascular, Haematological, Immunological and Respiratory Systems",b485,Defecation functions,Dışkılama işlevleri,b485 — Defecation functions — Dışkılama fonksiyonları  
b,"b4 — Kardiyovasküler, Hematolojik, İmmün ve Solunum Sistem Fonksiyonları — Functions of the Cardiovascular, Haematological, Immunological and Respiratory Systems",b490,General metabolic functions,Genel metabolik süreçlerin işlevleri,b490 — General metabolic functions — Genel metabolik fonksiyonlar  
b,"b4 — Kardiyovasküler, Hematolojik, İmmün ve Solunum Sistem Fonksiyonları — Functions of the Cardiovascular, Haematological, Immunological and Respiratory Systems",b495,Thermoregulatory functions,Vücut ısısı düzenleme (termoregülasyon) işlevleri,b495 — Thermoregulatory functions — Termoregülasyon fonksiyonları  
b,"b5 — Sindirim, Metabolik ve Endokrin Sistem Fonksiyonları — Functions of the Digestive, Metabolic and Endocrine Systems",b510,Ingestion functions,Besin alımıyla ilgili işlevler,b510 — Ingestion functions — Besin alma fonksiyonları  
b,"b5 — Sindirim, Metabolik ve Endokrin Sistem Fonksiyonları — Functions of the Digestive, Metabolic and Endocrine Systems",b515,Digestive functions,Gastrointestinal sistemin fizyolojik işlevleri,b515 — Digestive functions — Sindirim fonksiyonları  
b,"b5 — Sindirim, Metabolik ve Endokrin Sistem Fonksiyonları — Functions of the Digestive, Metabolic and Endocrine Systems",b520,"Water, mineral and electrolyte balance functions","Su, mineral ve elektrolit dengesi işlevleri","b520 — Water, mineral and electrolyte balance functions — Su, mineral ve elektrolit dengesi fonksiyonları  "
b,"b5 — Sindirim, Metabolik ve Endokrin Sistem Fonksiyonları — Functions of the Digestive, Metabolic and Endocrine Systems",b525,Defecation functions,Dışkılama süreçlerinin düzenlenmesi,b525 — Defecation functions — Dışkılama fonksiyonları  
b,"b5 — Sindirim, Metabolik ve Endokrin Sistem Fonksiyonları — Functions of the Digestive, Metabolic and Endocrine Systems",b530,Weight maintenance functions,Vücut ağırlığı dengesinin korunması,b530 — Weight maintenance functions — Vücut ağırlığını koruma fonksiyonları  
b,"b5 — Sindirim, Metabolik ve Endokrin Sistem Fonksiyonları — Functions of the Digestive, Metabolic and Endocrine Systems",b535,Sensations associated with the digestive system,Sindirim sistemine ilişkin duyusal algılar,b535 — Sensations associated with the digestive system — Sindirim sistemine ilişkin duyular  
b,"b5 — Sindirim, Metabolik ve Endokrin Sistem Fonksiyonları — Functions of the Digestive, Metabolic and Endocrine Systems",b540,General metabolic functions,Genel metabolizma işlevleri,b540 — General metabolic functions — Genel metabolik fonksiyonlar  
b,"b5 — Sindirim, Metabolik ve Endokrin Sistem Fonksiyonları — Functions of the Digestive, Metabolic and Endocrine Systems",b545,Water balance functions,Vücut sıvı dengesi işlevleri,b545 — Water balance functions — Su dengesi fonksiyonları  
b,"b5 — Sindirim, Metabolik ve Endokrin Sistem Fonksiyonları — Functions of the Digestive, Metabolic and Endocrine Systems",b550,Thermoregulatory functions,Isı düzenleme (termoregülasyon) işlevleri,b550 — Thermoregulatory functions — Termoregülasyon fonksiyonları  
b,"b5 — Sindirim, Metabolik ve Endokrin Sistem Fonksiyonları — Functions of the Digestive, Metabolic and Endocrine Systems",b555,Endocrine gland functions,Endokrin bezlerin salgı işlevleri,b555 — Endocrine gland functions — Endokrin bez fonksiyonları  
b,"b5 — Sindirim, Metabolik ve Endokrin Sistem Fonksiyonları — Functions of the Digestive, Metabolic and Endocrine Systems",b560,Fat metabolism functions,Yağ metabolizması işlevleri,b560 — Fat metabolism functions — Yağ metabolizması fonksiyonları  
b,"b5 — Sindirim, Metabolik ve Endokrin Sistem Fonksiyonları — Functions of the Digestive, Metabolic and Endocrine Systems",b565,Carbohydrate metabolism functions,Karbonhidrat metabolizması işlevleri,b565 — Carbohydrate metabolism functions — Karbonhidrat metabolizması fonksiyonları  
b,"b5 — Sindirim, Metabolik ve Endokrin Sistem Fonksiyonları — Functions of the Digestive, Metabolic and Endocrine Systems",b570,Protein metabolism functions,Protein metabolizması işlevleri,b570 — Protein metabolism functions — Protein metabolizması fonksiyonları  
b,"b5 — Sindirim, Metabolik ve Endokrin Sistem Fonksiyonları — Functions of the Digestive, Metabolic and Endocrine Systems",b580,Metabolism of vitamins and minerals,Vitamin ve mineral metabolizması,b580 — Metabolism of vitamins and minerals — Vitamin ve mineral metabolizması  
b,"b5 — Sindirim, Metabolik ve Endokrin Sistem Fonksiyonları — Functions of the Digestive, Metabolic and Endocrine Systems",b585,Functions of the gall bladder and pancreas,Safra kesesi ve pankreasın fonksiyonları,b585 — Functions of the gall bladder and pancreas — Safra kesesi ve pankreas fonksiyonları  
b,b6 — Genitoüriner ve Üreme Fonksiyonları — Genitourinary and Reproductive Functions,b610,Urinary excretory functions,İdrar üretimi ve boşaltımı işlevleri,b610 — Urinary excretory functions — İdrar boşaltım fonksiyonları  
b,b6 — Genitoüriner ve Üreme Fonksiyonları — Genitourinary and Reproductive Functions,b620,Urination functions,İdrar yapma işlevleri,b620 — Urination functions — İdrar yapma fonksiyonları  
b,b6 — Genitoüriner ve Üreme Fonksiyonları — Genitourinary and Reproductive Functions,b630,Sensations associated with urinary functions,Üriner sisteme ilişkin duyusal algılar,b630 — Sensations associated with urinary functions — İdrar fonksiyonlarına ilişkin duyular  
b,b6 — Genitoüriner ve Üreme Fonksiyonları — Genitourinary and Reproductive Functions,b640,Sexual functions,Cinsel işlevler,b640 — Sexual functions — Cinsel fonksiyonlar  
b,b6 — Genitoüriner ve Üreme Fonksiyonları — Genitourinary and Reproductive Functions,b650,Menstruation functions,Menstrüasyon (adet döngüsü) işlevleri,b650 — Menstruation functions — Menstrüasyon (adet görme) fonksiyonları  
b,b6 — Genitoüriner ve Üreme Fonksiyonları — Genitourinary and Reproductive Functions,b660,Procreation functions,Üreme (prokreasyon) işlevleri,b660 — Procreation functions — Üreme fonksiyonları  
b,b6 — Genitoüriner ve Üreme Fonksiyonları — Genitourinary and Reproductive Functions,b670,Pregnancy functions,Gebelikle ilgili fizyolojik işlevler,b670 — Pregnancy functions — Gebelik fonksiyonları  
b,b6 — Genitoüriner ve Üreme Fonksiyonları — Genitourinary and Reproductive Functions,b680,Functions of the pelvic floor,Pelvik taban kaslarının işlevleri,b680 — Functions of the pelvic floor — Pelvik taban fonksiyonları  
b,b7 — Nöromüsküloskeletal ve İlgili Hareket Fonksiyonları — Neuromusculoskeletal and Movement-Related Functions,b710,Mobility of joint functions,Eklem hareketliliği işlevleri,b710 — Mobility of joint functions — Eklem hareketliliği fonksiyonları  
b,b7 — Nöromüsküloskeletal ve İlgili Hareket Fonksiyonları — Neuromusculoskeletal and Movement-Related Functions,b715,Stability of joint functions,Eklem stabilitesinin sağlanması,b715 — Stability of joint functions — Eklem stabilitesi fonksiyonları  
b,b7 — Nöromüsküloskeletal ve İlgili Hareket Fonksiyonları — Neuromusculoskeletal and Movement-Related Functions,b720,Mobility of bone functions,Kemik hareketliliği işlevleri,b720 — Mobility of bone functions — Kemik hareketliliği fonksiyonları  
b,b7 — Nöromüsküloskeletal ve İlgili Hareket Fonksiyonları — Neuromusculoskeletal and Movement-Related Functions,b730,Muscle power functions,Kas gücü işlevleri,b730 — Muscle power functions — Kas gücü fonksiyonları  
b,b7 — Nöromüsküloskeletal ve İlgili Hareket Fonksiyonları — Neuromusculoskeletal and Movement-Related Functions,b735,Muscle tone functions,Kas tonusu düzenlenmesi,b735 — Muscle tone functions — Kas tonusu fonksiyonları  
b,b7 — Nöromüsküloskeletal ve İlgili Hareket Fonksiyonları — Neuromusculoskeletal and Movement-Related Functions,b740,Muscle endurance functions,Kas dayanıklılığı işlevleri,b740 — Muscle endurance functions — Kas dayanıklılığı fonksiyonları  
b,b7 — Nöromüsküloskeletal ve İlgili Hareket Fonksiyonları — Neuromusculoskeletal and Movement-Related Functions,b750,Motor reflex functions,Motor reflekslerin işlevleri,b750 — Motor reflex functions — Motor refleks fonksiyonları  
b,b7 — Nöromüsküloskeletal ve İlgili Hareket Fonksiyonları — Neuromusculoskeletal and Movement-Related Functions,b755,Involuntary movement reaction functions,İstem dışı hareketlere karşı gelişen tepkilerin işlevleri,b755 — Involuntary movement reaction functions — İstem dışı hareket tepkisi fonksiyonları  
b,b7 — Nöromüsküloskeletal ve İlgili Hareket Fonksiyonları — Neuromusculoskeletal and Movement-Related Functions,b760,Control of voluntary movement functions,İstemli hareketlerin kontrolü,b760 — Control of voluntary movement functions — İstemli hareket kontrolü fonksiyonları  
b,b7 — Nöromüsküloskeletal ve İlgili Hareket Fonksiyonları — Neuromusculoskeletal and Movement-Related Functions,b765,Involuntary movement functions,İstem dışı (otonom) hareket işlevleri,b765 — Involuntary movement functions — İstem dışı hareket fonksiyonları  
b,b7 — Nöromüsküloskeletal ve İlgili Hareket Fonksiyonları — Neuromusculoskeletal and Movement-Related Functions,b770,Gait pattern functions,Yürüme ve lokomosyon paternleri,b770 — Gait pattern functions — Yürüme paterni fonksiyonları  
b,b7 — Nöromüsküloskeletal ve İlgili Hareket Fonksiyonları — Neuromusculoskeletal and Movement-Related Functions,b780,Sensations related to muscles and movement functions,Kas-iskelet sistemiyle ilgili duyusal algılar,b780 — Sensations related to muscles and movement functions — Kas ve hareketle ilişkili duyular  
b,b8 — Cilt ve İlgili Yapıların Fonksiyonları — Functions of the Skin and Related Structures,b810,Protective functions of the skin,Cildin bariyer (koruyucu) işlevleri,b810 — Protective functions of the skin — Cildin koruyucu fonksiyonları  
b,b8 — Cilt ve İlgili Yapıların Fonksiyonları — Functions of the Skin and Related Structures,b820,Repair functions of the skin,Cilt dokusunun onarım işlevleri,b820 — Repair functions of the skin — Cilt onarım fonksiyonları  
b,b8 — Cilt ve İlgili Yapıların Fonksiyonları — Functions of the Skin and Related Structures,b830,Other functions of the skin,Cildin diğer fizyolojik işlevleri,b830 — Other functions of the skin — Cildin diğer fonksiyonları  
b,b8 — Cilt ve İlgili Yapıların Fonksiyonları — Functions of the Skin and Related Structures,b840,Sensation related to the skin,Deriye ilişkin duyusal algılar,b840 — Sensation related to the skin — Cilde ilişkin duyular  
s,s1 – Beyin ve ilgili yapılar — Brain and related structures,s110,Structure of brain,Beyin yapısı,s110 — Structure of brain — Beyin yapısı  
s,s1 – Beyin ve ilgili yapılar — Brain and related structures,s120,Spinal cord and related structures,Omurilik ve ilgili yapılar,s120 — Spinal cord and related structures — Omurilik ve ilgili yapılar  
s,s1 – Beyin ve ilgili yapılar — Brain and related structures,s130,Structure of meninges,Meninkslerin (beyin zarlarının) yapısı,s130 — Structure of meninges — Meninkslerin yapısı (beyin zarları)  
s,s1 – Beyin ve ilgili yapılar — Brain and related structures,s140,Structure of sympathetic nervous system,Sempatik sinir sistemi yapısı,s140 — Structure of sympathetic nervous system — Sempatik sinir sistemi yapısı  
s,s1 – Beyin ve ilgili yapılar — Brain and related structures,s150,Structure of parasympathetic nervous system,Parasempatik sinir sistemi yapısı,s150 — Structure of parasympathetic nervous system — Parasempatik sinir sistemi yapısı  
s,s1 – Beyin ve ilgili yapılar — Brain and related structures,s160,Structure of cranial nerves,Kranial (kafa sinirleri) sinirlerin yapısı,s160 — Structure of cranial nerves — Kranial sinirlerin yapısı  
s,s1 – Beyin ve ilgili yapılar — Brain and related structures,s199,"Structures of the nervous system, unspecified",Belirtilmemiş sinir sistemi yapıları,"s199 — Structures of the nervous system, unspecified — Belirtilmemiş sinir sistemi yapıları  "
s,"s2 – Göz ve kulak ile ilgili yapılar — The eye, ear and related structures",s210,Structure of eye,Göz yapısı,s210 — Structure of eye — Göz yapısı  
s,"s2 – Göz ve kulak ile ilgili yapılar — The eye, ear and related structures",s220,Structure of eyeball,Göz küresi yapısı,s220 — Structure of eyeball — Göz küresi yapısı  
s,"s2 – Göz ve kulak ile ilgili yapılar — The eye, ear and related structures",s230,Structures around eye,Göz çevresindeki yapılar,s230 — Structures around eye — Göz çevresindeki yapılar  
s,"s2 – Göz ve kulak ile ilgili yapılar — The eye, ear and related structures",s240,Structure of external ear,Dış kulak yapısı,s240 — Structure of external ear — Dış kulak yapısı  
s,"s2 – Göz ve kulak ile ilgili yapılar — The eye, ear and related structures",s250,Structure of middle ear,Orta kulak yapısı,s250 — Structure of middle ear — Orta kulak yapısı  
s,"s2 – Göz ve kulak ile ilgili yapılar — The eye, ear and related structures",s260,Structure of inner ear,İç kulak yapısı,s260 — Structure of inner ear — İç kulak yapısı  
s,"s2 – Göz ve kulak ile ilgili yapılar — The eye, ear and related structures",s270,Structure of auditory system,İşitme sistemi yapısı,s270 — Structure of auditory system — İşitme sistemi yapısı  
s,"s2 – Göz ve kulak ile ilgili yapılar — The eye, ear and related structures",s280,Structure of vestibular system,Vestibüler (denge) sistemi yapısı,s280 — Structure of vestibular system — Vestibüler (denge) sistemi yapısı  
s,"s2 – Göz ve kulak ile ilgili yapılar — The eye, ear and related structures",s299,"Structures of the eye, ear and related structures, unspecified","Belirtilmemiş göz, kulak ve ilgili yapıların yapısı","s299 — Structures of the eye, ear and related structures, unspecified — Belirtilmemiş göz, kulak ve ilgili yapılar  "
s,s3 – Ses üretimi ve konuşma ile ilgili yapılar — Structures involved in voice and speech,s310,Structure of nose,Burun yapısı,s310 — Structure of nose — Burun yapısı  
s,s3 – Ses üretimi ve konuşma ile ilgili yapılar — Structures involved in voice and speech,s320,Structure of mouth,Ağız yapısı,s320 — Structure of mouth — Ağız yapısı  
s,s3 – Ses üretimi ve konuşma ile ilgili yapılar — Structures involved in voice and speech,s330,Structure of pharynx,Farinks (yutak) yapısı,s330 — Structure of pharynx — Farinks (yutak) yapısı  
s,s3 – Ses üretimi ve konuşma ile ilgili yapılar — Structures involved in voice and speech,s340,Structure of larynx,Larinks (gırtlak) yapısı,s340 — Structure of larynx — Larinks (gırtlak) yapısı  
s,s3 – Ses üretimi ve konuşma ile ilgili yapılar — Structures involved in voice and speech,s350,Structure of vocal cords,Ses telleri yapısı,s350 — Structure of vocal cords — Ses telleri yapısı  
s,s3 – Ses üretimi ve konuşma ile ilgili yapılar — Structures involved in voice and speech,s399,"Structures involved in voice and speech, unspecified",Belirtilmemiş ses ve konuşmayla ilgili yapılar,"s399 — Structures involved in voice and speech, unspecified — Belirtilmemiş ses ve konuşma ile ilgili yapılar  "
s,"s4 – Kardiyovasküler, immünolojik ve solunum sistemleri yapıları — Structures of the cardiovascular, immunological and respiratory systems",s410,Structure of cardiovascular system,Kardiyovasküler sistemin yapısı,s410 — Structure of cardiovascular system — Kardiyovasküler sistemin yapısı  
s,"s4 – Kardiyovasküler, immünolojik ve solunum sistemleri yapıları — Structures of the cardiovascular, immunological and respiratory systems",s420,Structure of blood vessels,Kan damarlarının yapısı,s420 — Structure of blood vessels — Kan damarlarının yapısı  
s,"s4 – Kardiyovasküler, immünolojik ve solunum sistemleri yapıları — Structures of the cardiovascular, immunological and respiratory systems",s430,Structure of the immune system,Bağışıklık sisteminin yapısı,s430 — Structure of the immune system — Bağışıklık sisteminin yapısı  
s,"s4 – Kardiyovasküler, immünolojik ve solunum sistemleri yapıları — Structures of the cardiovascular, immunological and respiratory systems",s440,Structure of respiratory system,Solunum sisteminin yapısı,s440 — Structure of respiratory system — Solunum sisteminin yapısı  
s,"s4 – Kardiyovasküler, immünolojik ve solunum sistemleri yapıları — Structures of the cardiovascular, immunological and respiratory systems",s499,"Structures of cardiovascular, immunological and respiratory systems, unspecified","Belirtilmemiş kardiyovasküler, immün ve solunum sistemleri yapıları","s499 — Structures of cardiovascular, immunological and respiratory systems, unspecified — Belirtilmemiş kardiyovasküler, immün ve solunum sistemleri yapıları  "
s,"s5 – Sindirim, metabolik ve endokrin sistemlerin yapıları — Structures related to the digestive, metabolic and endocrine systems",s510,Structure of mouth and teeth,Ağız ve dişlerin yapısı,s510 — Structure of mouth and teeth — Ağız ve diş yapısı  
s,"s5 – Sindirim, metabolik ve endokrin sistemlerin yapıları — Structures related to the digestive, metabolic and endocrine systems",s520,Structure of salivary glands,Tükürük bezlerinin yapısı,s520 — Structure of salivary glands — Tükürük bezlerinin yapısı  
s,"s5 – Sindirim, metabolik ve endokrin sistemlerin yapıları — Structures related to the digestive, metabolic and endocrine systems",s530,Structure of esophagus,Yemek borusu (özofagus) yapısı,s530 — Structure of esophagus — Özofagus (yemek borusu) yapısı  
s,"s5 – Sindirim, metabolik ve endokrin sistemlerin yapıları — Structures related to the digestive, metabolic and endocrine systems",s540,Structure of stomach,Mide yapısı,s540 — Structure of stomach — Mide yapısı  
s,"s5 – Sindirim, metabolik ve endokrin sistemlerin yapıları — Structures related to the digestive, metabolic and endocrine systems",s550,Structure of intestine,Bağırsak yapısı,s550 — Structure of intestine — Bağırsak yapısı  
s,"s5 – Sindirim, metabolik ve endokrin sistemlerin yapıları — Structures related to the digestive, metabolic and endocrine systems",s560,Structure of liver,Karaciğer yapısı,s560 — Structure of liver — Karaciğer yapısı  
s,"s5 – Sindirim, metabolik ve endokrin sistemlerin yapıları — Structures related to the digestive, metabolic and endocrine systems",s570,Structure of gall bladder and ducts,Safra kesesi ve safra yolları yapısı,s570 — Structure of gall bladder and ducts — Safra kesesi ve safra yolları yapısı  
s,"s5 – Sindirim, metabolik ve endokrin sistemlerin yapıları — Structures related to the digestive, metabolic and endocrine systems",s580,Structure of pancreas,Pankreas yapısı,s580 — Structure of pancreas — Pankreas yapısı  
s,"s5 – Sindirim, metabolik ve endokrin sistemlerin yapıları — Structures related to the digestive, metabolic and endocrine systems",s590,Structure of endocrine glands,Endokrin bezlerin yapısı,s590 — Structure of endocrine glands — Endokrin bezlerin yapısı  
s,"s5 – Sindirim, metabolik ve endokrin sistemlerin yapıları — Structures related to the digestive, metabolic and endocrine systems",s599,"Structures of the digestive, metabolic and endocrine systems, unspecified","Belirtilmemiş sindirim, metabolik ve endokrin sistem yapıları","s599 — Structures of the digestive, metabolic and endocrine systems, unspecified — Belirtilmemiş sindirim, metabolik ve endokrin sistem yapıları  "
s,s6 – Üreme sistemi ve ilgili yapılar — Structures related to the genitourinary and reproductive systems,s610,Structure of urinary system,İdrar sistemi yapısı,s610 — Structure of urinary system — İdrar sistemi yapısı  
s,s6 – Üreme sistemi ve ilgili yapılar — Structures related to the genitourinary and reproductive systems,s620,Structure of pelvis,Pelvis (leğen kemiği) yapısı,s620 — Structure of pelvis — Pelvis yapısı  
s,s6 – Üreme sistemi ve ilgili yapılar — Structures related to the genitourinary and reproductive systems,s630,Structure of reproductive system,Üreme sistemi yapısı,s630 — Structure of reproductive system — Üreme sistemi yapısı  
s,s6 – Üreme sistemi ve ilgili yapılar — Structures related to the genitourinary and reproductive systems,s640,Structure of breast,Meme yapısı,s640 — Structure of breast — Meme yapısı  
s,s6 – Üreme sistemi ve ilgili yapılar — Structures related to the genitourinary and reproductive systems,s699,"Structures of the genitourinary and reproductive systems, unspecified",Belirtilmemiş üriner ve üreme sistemleri yapıları,"s699 — Structures of the genitourinary and reproductive systems, unspecified — Belirtilmemiş üriner ve üreme sistemi yapıları  "
s,s7 – Hareket sistemi yapıları — Structures related to movement,s710,Structure of head and neck region,Baş ve boyun bölgesi yapısı,s710 — Structure of head and neck region — Baş ve boyun bölgesi yapısı  
s,s7 – Hareket sistemi yapıları — Structures related to movement,s720,Structure of shoulder region,Omuz bölgesi yapısı,s720 — Structure of shoulder region — Omuz bölgesi yapısı  
s,s7 – Hareket sistemi yapıları — Structures related to movement,s730,Structure of upper extremity,Üst ekstremite (üst uzuv) yapısı,s730 — Structure of upper extremity — Üst ekstremite yapısı  
s,s7 – Hareket sistemi yapıları — Structures related to movement,s740,Structure of pelvic region,Pelvik bölge yapısı,s740 — Structure of pelvic region — Pelvik bölge yapısı  
s,s7 – Hareket sistemi yapıları — Structures related to movement,s750,Structure of lower extremity,Alt ekstremite (alt uzuv) yapısı,s750 — Structure of lower extremity — Alt ekstremite yapısı  
s,s7 – Hareket sistemi yapıları — Structures related to movement,s760,Structure of trunk,Gövde (trunkus) yapısı,s760 — Structure of trunk — Gövde yapısı  
s,s7 – Hareket sistemi yapıları — Structures related to movement,s799,"Structures related to movement, unspecified",Belirtilmemiş hareketle ilişkili yapılar,"s799 — Structures related to movement, unspecified — Belirtilmemiş hareketle ilişkili yapılar  "
s,s7 – Hareket sistemi yapıları — Structures related to movement,s770,Additional musculoskeletal structures related to movement,Hareketle ilişkili ek kas-iskelet yapıları,s770 — Additional musculoskeletal structures related to movement — Hareketle ilişkili ek kas-iskelet yapıları  
s,s8 – Deri ve ilgili yapılar — Skin and related structures,s820,Structure of glands associated with skin,Ciltle ilişkili bezlerin yapısı,s820 — Structure of glands associated with skin — Cilde bağlı bezlerin yapısı  
s,s8 – Deri ve ilgili yapılar — Skin and related structures,s810,Structure of areas of skin,Cilt bölgelerinin yapısı,s810 — Structure of areas of skin — Cilt bölgelerinin yapısı  
s,s8 – Deri ve ilgili yapılar — Skin and related structures,s830,Structure of nails,Tırnak yapısı,s830 — Structure of nails — Tırnak yapısı  
s,s8 – Deri ve ilgili yapılar — Skin and related structures,s899,"Skin and related structures, unspecified",Belirtilmemiş cilt ve ilişkili yapıların yapısı,"s899 — Skin and related structures, unspecified — Belirtilmemiş cilt ve ilişkili yapılar  "
s,s8 – Deri ve ilgili yapılar — Skin and related structures,s840,Structure of hair,Saç yapısı,s840 — Structure of hair — Saç yapısı  
s,s999 - Belirsiz,s999,"Body structures, unspecified",Belirtilmemiş vücut yapıları,"s999 — Body structures, unspecified — Belirtilmemiş vücut yapıları  "
d,d1 – Öğrenme ve Bilgi Uygulama — Learning and Applying Knowledge,d110,Watching,İzleme,d110 — Watching — İzleme  
d,d1 – Öğrenme ve Bilgi Uygulama — Learning and Applying Knowledge,d115,Listening,Dinleme,d115 — Listening — Dinleme  
d,d1 – Öğrenme ve Bilgi Uygulama — Learning and Applying Knowledge,d120,Paying attention,Dikkat etme,d120 — Paying attention — Dikkat etme  
d,d1 – Öğrenme ve Bilgi Uygulama — Learning and Applying Knowledge,d130,Copying,Kopyalama,d130 — Copying — Kopyalama  
d,d1 – Öğrenme ve Bilgi Uygulama — Learning and Applying Knowledge,d135,Repeating,Tekrar etme,d135 — Repeating — Tekrar etme  
d,d1 – Öğrenme ve Bilgi Uygulama — Learning and Applying Knowledge,d140,Learning to read,Okuma öğrenimi,d140 — Learning to read — Okuma öğrenimi  
d,d1 – Öğrenme ve Bilgi Uygulama — Learning and Applying Knowledge,d145,Learning to write,Yazma öğrenimi,d145 — Learning to write — Yazma öğrenimi  
d,d1 – Öğrenme ve Bilgi Uygulama — Learning and Applying Knowledge,d150,Learning to calculate,Hesaplama öğrenimi,d150 — Learning to calculate — Hesaplama öğrenimi  
d,d1 – Öğrenme ve Bilgi Uygulama — Learning and Applying Knowledge,d155,Acquiring skills,Beceri kazanımı,d155 — Acquiring skills — Beceriler edinme  
d,d1 – Öğrenme ve Bilgi Uygulama — Learning and Applying Knowledge,d160,Focusing attention,Dikkati odaklama,d160 — Focusing attention — Dikkati odaklama  
d,d1 – Öğrenme ve Bilgi Uygulama — Learning and Applying Knowledge,d163,Thinking,Düşünme,d163 — Thinking — Düşünme  
d,d1 – Öğrenme ve Bilgi Uygulama — Learning and Applying Knowledge,d166,Reading,Okuma,d166 — Reading — Okuma  
d,d1 – Öğrenme ve Bilgi Uygulama — Learning and Applying Knowledge,d170,Writing,Yazma,d170 — Writing — Yazma  
d,d1 – Öğrenme ve Bilgi Uygulama — Learning and Applying Knowledge,d172,Calculating,Hesaplama,d172 — Calculating — Hesaplama  
d,d1 – Öğrenme ve Bilgi Uygulama — Learning and Applying Knowledge,d175,Solving problems,Problemleri çözme,d175 — Solving problems — Problem çözme  
d,d1 – Öğrenme ve Bilgi Uygulama — Learning and Applying Knowledge,d177,Making decisions,Karar verme,d177 — Making decisions — Karar verme  
d,d1 – Öğrenme ve Bilgi Uygulama — Learning and Applying Knowledge,d179,Applying knowledge,Bilgiyi uygulama,d179 — Applying knowledge — Bilgiyi uygulama  
d,d2 – Genel Görevler ve Talepler — General Tasks and Demands,d210,Undertaking a single task,Tek bir görevi yerine getirme,d210 — Undertaking a single task — Tek bir görevi yerine getirme  
d,d2 – Genel Görevler ve Talepler — General Tasks and Demands,d220,Undertaking multiple tasks,Birden fazla görevi yerine getirme,d220 — Undertaking multiple tasks — Birden fazla görevi yerine getirme  
d,d2 – Genel Görevler ve Talepler — General Tasks and Demands,d230,Carrying out daily routine,Günlük rutini sürdürme,d230 — Carrying out daily routine — Günlük rutini sürdürme  
d,d2 – Genel Görevler ve Talepler — General Tasks and Demands,d240,Handling stress and other psychological demands,Stresle ve diğer psikolojik taleplerle başa çıkma,d240 — Handling stress and other psychological demands — Stresle ve diğer psikolojik gereksinimlerle başa çıkma  
d,d3 – İletişim — Communication,d310,Communicating with - receiving - spoken messages,Sözlü mesajları alma – iletişim kurma,d310 — Communicating with - receiving - spoken messages — Sözlü mesajları alma  
d,d3 – İletişim — Communication,d315,Communicating with - receiving - nonverbal messages,Sözsüz mesajları alma – iletişim kurma,d315 — Communicating with - receiving - nonverbal messages — Sözsüz mesajları alma  
d,d3 – İletişim — Communication,d320,Communicating with - receiving - formal signed messages,Resmî işaret dili mesajlarını alma – iletişim kurma,d320 — Communicating with - receiving - formal signed messages — Resmî işaret dili mesajlarını alma  
d,d3 – İletişim — Communication,d325,Communicating with - receiving - written messages,Yazılı mesajları alma – iletişim kurma,d325 — Communicating with - receiving - written messages — Yazılı mesajları alma  
d,d3 – İletişim — Communication,d330,Speaking,Konuşma,d330 — Speaking — Konuşma  
d,d3 – İletişim — Communication,d335,Producing nonverbal messages,Sözsüz mesajlar üretme,d335 — Producing nonverbal messages — Sözsüz mesajlar üretme  
d,d3 – İletişim — Communication,d340,Producing formal signed messages,Resmî işaret dili mesajları üretme,d340 — Producing formal signed messages — Resmî işaret dili mesajları üretme  
d,d3 – İletişim — Communication,d345,Writing messages,Yazılı mesajlar oluşturma,d345 — Writing messages — Yazılı mesajlar oluşturma  
d,d3 – İletişim — Communication,d350,Conversation,Sohbet,d350 — Conversation — Sohbet  
d,d3 – İletişim — Communication,d355,Discussion,Tartışma,d355 — Discussion — Tartışma  
d,d3 – İletişim — Communication,d360,Using communication devices and techniques,İletişim araçları ve tekniklerini kullanma,d360 — Using communication devices and techniques — İletişim araçlarını ve tekniklerini kullanma  
d,d4 – Hareketlilik — Mobility,d410,Changing basic body position,Temel vücut pozisyonunu değiştirme,d410 — Changing basic body position — Temel vücut pozisyonunu değiştirme  
d,d4 – Hareketlilik — Mobility,d415,Maintaining a body position,Vücut pozisyonunu koruma,d415 — Maintaining a body position — Vücut pozisyonunu koruma  
d,d4 – Hareketlilik — Mobility,d420,Transferring oneself,Kendini transfer etme (pozisyon değiştirme),d420 — Transferring oneself — Kendini transfer etme  
d,d4 – Hareketlilik — Mobility,d425,Moving objects,Nesneleri hareket ettirme,d425 — Moving objects — Nesneleri hareket ettirme  
d,d4 – Hareketlilik — Mobility,d430,Lifting and carrying objects,Nesne kaldırma ve taşıma,d430 — Lifting and carrying objects — Nesne kaldırma ve taşıma  
d,d4 – Hareketlilik — Mobility,d435,Moving around using equipment,Ekipman kullanarak hareket etme,d435 — Moving around using equipment — Ekipman kullanarak hareket etme  
d,d4 – Hareketlilik — Mobility,d440,Fine hand use,İnce el kullanımı,d440 — Fine hand use — İnce el kullanımı  
d,d4 – Hareketlilik — Mobility,d445,Hand and arm use,El ve kol kullanımı,d445 — Hand and arm use — El ve kol kullanımı  
d,d4 – Hareketlilik — Mobility,d450,Walking,Yürüme,d450 — Walking — Yürüme  
d,d4 – Hareketlilik — Mobility,d455,Moving around,Hareket etme,d455 — Moving around — Hareket etme  
d,d4 – Hareketlilik — Mobility,d460,Moving around in different locations,Farklı ortamlarda hareket etme,d460 — Moving around in different locations — Farklı ortamlarda hareket etme  
d,d4 – Hareketlilik — Mobility,d465,Moving around using transportation,Ulaşım araçlarıyla hareket etme,d465 — Moving around using transportation — Ulaşım araçlarıyla hareket etme  
d,d4 – Hareketlilik — Mobility,d470,Using transportation,Ulaşım araçlarını kullanma,d470 — Using transportation — Ulaşım araçlarını kullanma  
d,d4 – Hareketlilik — Mobility,d475,Driving,Araç sürme,d475 — Driving — Araç sürme  
d,d5 – Öz bakım — Self-care,d510,Washing oneself,Kişisel temizliğini yapma,d510 — Washing oneself — Kişisel temizlik  
d,d5 – Öz bakım — Self-care,d520,Caring for body parts,Vücut bölümlerine bakım yapma,d520 — Caring for body parts — Vücut bölümlerine bakım yapma  
d,d5 – Öz bakım — Self-care,d530,Toileting,Tuvalet ihtiyacını karşılama,d530 — Toileting — Tuvalet ihtiyacını karşılama  
d,d5 – Öz bakım — Self-care,d540,Dressing,Giyinme,d540 — Dressing — Giyinme  
d,d5 – Öz bakım — Self-care,d550,Eating,Yemek yeme,d550 — Eating — Yemek yeme  
d,d5 – Öz bakım — Self-care,d560,Drinking,Sıvı içme,d560 — Drinking — Sıvı içme  
d,d5 – Öz bakım — Self-care,d570,Looking after one’s health,Sağlığını koruma,d570 — Looking after one’s health — Sağlığını koruma  
d,d6 – Ev Yaşamı — Domestic Life,d610,Acquiring a place to live,Barınacak yer edinme,d610 — Acquiring a place to live — Barınacak yer edinme  
d,d6 – Ev Yaşamı — Domestic Life,d620,Acquisition of goods and services,Mal ve hizmet edinme,d620 — Acquisition of goods and services — Mal ve hizmet edinme  
d,d6 – Ev Yaşamı — Domestic Life,d630,Preparing meals,Yemek hazırlama,d630 — Preparing meals — Yemek hazırlama  
d,d6 – Ev Yaşamı — Domestic Life,d640,Doing housework,Ev işleri yapma,d640 — Doing housework — Ev işleri yapma  
d,d6 – Ev Yaşamı — Domestic Life,d650,Caring for household objects,Ev eşyalarına bakım yapma,d650 — Caring for household objects — Ev eşyalarına bakım yapma  
d,d6 – Ev Yaşamı — Domestic Life,d660,Assisting others,Başkalarına yardım etme,d660 — Assisting others — Başkalarına yardım etme  
d,d7 – Kişilerarası Etkileşim ve İlişkiler — Interpersonal Interactions and Relationships,d710,Basic interpersonal interactions,Temel kişilerarası etkileşimler,d710 — Basic interpersonal interactions — Temel kişilerarası etkileşimler  
d,d7 – Kişilerarası Etkileşim ve İlişkiler — Interpersonal Interactions and Relationships,d720,Complex interpersonal interactions,Karmaşık kişilerarası etkileşimler,d720 — Complex interpersonal interactions — Karmaşık kişilerarası etkileşimler  
d,d7 – Kişilerarası Etkileşim ve İlişkiler — Interpersonal Interactions and Relationships,d730,Relating with strangers,Yabancılarla ilişki kurma,d730 — Relating with strangers — Yabancılarla ilişki kurma  
d,d7 – Kişilerarası Etkileşim ve İlişkiler — Interpersonal Interactions and Relationships,d740,Formal relationships,Resmî ilişkiler,d740 — Formal relationships — Resmî ilişkiler  
d,d7 – Kişilerarası Etkileşim ve İlişkiler — Interpersonal Interactions and Relationships,d750,Informal social relationships,Gündelik sosyal ilişkiler,d750 — Informal social relationships — Gündelik sosyal ilişkiler  
d,d7 – Kişilerarası Etkileşim ve İlişkiler — Interpersonal Interactions and Relationships,d760,Family relationships,Aile ilişkileri,d760 — Family relationships — Aile ilişkileri  
d,d7 – Kişilerarası Etkileşim ve İlişkiler — Interpersonal Interactions and Relationships,d770,Intimate relationships,Yakın ilişkiler,d770 — Intimate relationships — Yakın ilişkiler  
d,d8 – Temel Yaşam Alanları — Major Life Areas,d810,Informal education,Gayriresmî eğitim,d810 — Informal education — Gayriresmî eğitim  
d,d8 – Temel Yaşam Alanları — Major Life Areas,d815,Preschool education,Okul öncesi eğitim,d815 — Preschool education — Okul öncesi eğitim  
d,d8 – Temel Yaşam Alanları — Major Life Areas,d820,School education,Okul eğitimi,d820 — School education — Okul eğitimi  
d,d8 – Temel Yaşam Alanları — Major Life Areas,d825,Vocational training,Mesleki eğitim,d825 — Vocational training — Mesleki eğitim  
d,d8 – Temel Yaşam Alanları — Major Life Areas,d830,Higher education,Yükseköğrenim,d830 — Higher education — Yükseköğrenim  
d,d8 – Temel Yaşam Alanları — Major Life Areas,d835,Education life,Eğitim hayatı,d835 — Education life — Eğitim hayatı  
d,d8 – Temel Yaşam Alanları — Major Life Areas,d840,Apprenticeship,Çıraklık,d840 — Apprenticeship — Çıraklık  
d,d8 – Temel Yaşam Alanları — Major Life Areas,d845,Acquiring keeping and terminating a job,"İşe girme, işte kalma ve işten ayrılma","d845 — Acquiring keeping and terminating a job — İşe girme, işte kalma ve işten ayrılma  "
d,d8 – Temel Yaşam Alanları — Major Life Areas,d850,Remunerative employment,Ücretli istihdam,d850 — Remunerative employment — Ücretli çalışma  
d,d8 – Temel Yaşam Alanları — Major Life Areas,d855,Non-remunerative employment,Ücretsiz (gönüllü) çalışma,d855 — Non-remunerative employment — Ücretsiz çalışma (gönüllü iş)  
d,d8 – Temel Yaşam Alanları — Major Life Areas,d860,Basic economic transactions,Temel ekonomik işlemler,d860 — Basic economic transactions — Temel ekonomik işlemler  
d,d8 – Temel Yaşam Alanları — Major Life Areas,d865,Complex economic transactions,Karmaşık ekonomik işlemler,d865 — Complex economic transactions — Karmaşık ekonomik işlemler  
d,"d9 – Toplumsal, Sosyal ve Yurttaşlık Yaşamı — Community, Social and Civic Life",d910,Community life,Toplumsal yaşam,d910 — Community life — Toplumsal yaşam  
d,"d9 – Toplumsal, Sosyal ve Yurttaşlık Yaşamı — Community, Social and Civic Life",d920,Recreation and leisure,Rekreasyon ve boş zaman etkinlikleri,d920 — Recreation and leisure — Rekreasyon ve boş zaman etkinlikleri  
d,"d9 – Toplumsal, Sosyal ve Yurttaşlık Yaşamı — Community, Social and Civic Life",d930,Religion and spirituality,Din ve maneviyat,d930 — Religion and spirituality — Din ve maneviyat  
d,"d9 – Toplumsal, Sosyal ve Yurttaşlık Yaşamı — Community, Social and Civic Life",d940,Human rights,İnsan hakları,d940 — Human rights — İnsan hakları  
d,"d9 – Toplumsal, Sosyal ve Yurttaşlık Yaşamı — Community, Social and Civic Life",d950,Political life and citizenship,Siyasi yaşam ve vatandaşlık,d950 — Political life and citizenship — Siyasi yaşam ve vatandaşlık  
pf,PF — Kişsiel Faktörler - Personal Factors,PF001,Educational background,Eğitim geçmişi,PF001 — Educational background — Eğitim geçmişi  
pf,PF — Kişsiel Faktörler - Personal Factors,PF002,Coping styles,Başa çıkma tarzları,PF002 — Coping styles — Başa çıkma tarzları  
pf,PF — Kişsiel Faktörler - Personal Factors,PF003,Lifestyle,Yaşam tarzı,PF003 — Lifestyle — Yaşam tarzı  
pf,PF — Kişsiel Faktörler - Personal Factors,PF004,Habits,Alışkanlıklar,PF004 — Habits — Alışkanlıklar  
pf,PF — Kişsiel Faktörler - Personal Factors,PF005,Upbringing,Yetiştirilme biçimi,PF005 — Upbringing — Yetiştirilme biçimi  
pf,PF — Kişsiel Faktörler - Personal Factors,PF006,Profession,Meslek,PF006 — Profession — Meslek  
pf,PF — Kişsiel Faktörler - Personal Factors,PF007,Psychological assets,Psikolojik kaynaklar,PF007 — Psychological assets — Psikolojik kaynaklar  
pf,PF — Kişsiel Faktörler - Personal Factors,PF008,Fitness,Fiziksel uygunluk (fitness),PF008 — Fitness — Fiziksel uygunluk  
pf,PF — Kişsiel Faktörler - Personal Factors,PF009,Social background,Sosyal geçmiş,PF009 — Social background — Sosyal geçmiş  
pf,PF — Kişsiel Faktörler - Personal Factors,PF010,Motivation,Motivasyon,PF010 — Motivation — Motivasyon  
pf,PF — Kişsiel Faktörler - Personal Factors,PF011,Personality traits,Kişilik özellikleri,PF011 — Personality traits — Kişilik özellikleri  
pf,PF — Kişsiel Faktörler - Personal Factors,PF012,Beliefs and values,İnançlar ve değerler,PF012 — Beliefs and values — İnançlar ve değerler  
pf,PF — Kişsiel Faktörler - Personal Factors,PF013,Health literacy,Sağlık okuryazarlığı,PF013 — Health literacy — Sağlık okuryazarlığı  
pf,PF — Kişsiel Faktörler - Personal Factors,PF014,Cultural background,Kültürel geçmiş,PF014 — Cultural background — Kültürel geçmiş  
pf,PF — Kişsiel Faktörler - Personal Factors,PF015,Employment status,İstihdam durumu,PF015 — Employment status — İstihdam durumu  
pf,PF — Kişsiel Faktörler - Personal Factors,PF016,Marital status,Medeni durum,PF016 — Marital status — Medeni durum  
pf,PF — Kişsiel Faktörler - Personal Factors,PF017,Financial resources,Maddi kaynaklar,PF017 — Financial resources — Mali kaynaklar  
pf,PF — Kişsiel Faktörler - Personal Factors,PF018,Communication preferences,İletişim tercihleri,PF018 — Communication preferences — İletişim tercihleri  
pf,PF — Kişsiel Faktörler - Personal Factors,PF019,Use of assistive technology,Yardımcı teknolojilerin kullanımı,PF019 — Use of assistive technology — Yardımcı teknoloji kullanımı  
pf,PF — Kişsiel Faktörler - Personal Factors,PF020,Support system,Destek sistemi,PF020 — Support system — Destek sistemi  
e,e1 – Ürünler ve Teknoloji — Products and Technology,e110,"For personal consumption (food, medicines)","Kişisel tüketim için (yiyecek, ilaçlar)",e110 — For personal consumption (food- medicines) — Kişisel tüketim için (yiyecek- ilaçlar)  
e,e1 – Ürünler ve Teknoloji — Products and Technology,e115,For personal use in daily living,Günlük yaşamda kişisel kullanım için,e115 — For personal use in daily living — Günlük yaşamda kişisel kullanım için  
e,e1 – Ürünler ve Teknoloji — Products and Technology,e120,For personal indoor and outdoor mobility and transportation,Kapalı ve açık alanlarda kişisel hareketlilik ve ulaşım için ürünler,e120 — For personal indoor and outdoor mobility and transportation — Kapalı ve açık alan hareketliliği ve ulaşımı için  
e,e1 – Ürünler ve Teknoloji — Products and Technology,e125,Products for communication,İletişim amaçlı ürünler,e125 — Products for communication — İletişim amaçlı ürünler  
e,e1 – Ürünler ve Teknoloji — Products and Technology,e150,"Design, construction and building products and technology of buildings for public use","Kamusal kullanım için bina tasarımı, yapımı ve teknolojisi","e150 — Design, construction and building products and technology of buildings for public use — Kamusal binalar için tasarım, inşaat ve yapı teknolojileri  "
e,e1 – Ürünler ve Teknoloji — Products and Technology,e155,"Design, construction and building products and technology of buildings for private use","Özel kullanım için bina tasarımı, yapımı ve teknolojisi","e155 — Design, construction and building products and technology of buildings for private use — Özel kullanım amaçlı binalar için tasarım, inşaat ve yapı teknolojileri  "
e,e2 – Doğal çevre ve insan yapımı değişiklikler — Natural Environment and Human-Made Changes,e210,Physical geography,Fiziki coğrafya,e210 — Physical geography — Fiziksel coğrafya  
e,e2 – Doğal çevre ve insan yapımı değişiklikler — Natural Environment and Human-Made Changes,e225,Climate,İklim,e225 — Climate — İklim  
e,e2 – Doğal çevre ve insan yapımı değişiklikler — Natural Environment and Human-Made Changes,e240,Light,Işık,e240 — Light — Işık  
e,e2 – Doğal çevre ve insan yapımı değişiklikler — Natural Environment and Human-Made Changes,e250,Sound,Ses,e250 — Sound — Ses  
e,e3 – Destek ve İlişkiler — Support and Relationships,e310,Immediate family,Çekirdek aile,e310 — Immediate family — Çekirdek aile  
e,e3 – Destek ve İlişkiler — Support and Relationships,e320,Friends,Arkadaşlar,e320 — Friends — Arkadaşlar  
e,e3 – Destek ve İlişkiler — Support and Relationships,e325,"Acquaintances, peers, colleagues, neighbours and community members","Tanıdıklar, akranlar, meslektaşlar, komşular ve toplum üyeleri","e325 — Acquaintances, peers, colleagues, neighbours and community members — Tanıdıklar, akranlar, meslektaşlar, komşular ve toplum üyeleri  "
e,e3 – Destek ve İlişkiler — Support and Relationships,e330,People in position of authority,Yetki sahibi kişiler,e330 — People in position of authority — Yetki sahibi kişiler  
e,e3 – Destek ve İlişkiler — Support and Relationships,e340,Personal care providers and personal assistants,Kişisel bakım sağlayıcıları ve bireysel asistanlar,e340 — Personal care providers and personal assistants — Kişisel bakım sağlayıcıları ve bireysel asistanlar  
e,e3 – Destek ve İlişkiler — Support and Relationships,e355,Health professionals,Sağlık profesyonelleri,e355 — Health professionals — Sağlık profesyonelleri  
e,e3 – Destek ve İlişkiler — Support and Relationships,e360,Health-related professionals,Sağlıkla ilişkili profesyoneller,e360 — Health-related professionals — Sağlıkla ilişkili profesyoneller  
e,e4 – Tutumlar — Attitudes,e410,Individual attitudes of immediate family members,Çekirdek aile üyelerinin bireysel tutumları,e410 — Individual attitudes of immediate family members — Çekirdek aile üyelerinin bireysel tutumları  
e,e4 – Tutumlar — Attitudes,e420,Individual attitudes of friends,Arkadaşların bireysel tutumları,e420 — Individual attitudes of friends — Arkadaşların bireysel tutumları  
e,e4 – Tutumlar — Attitudes,e440,Individual attitudes of personal care providers and personal assistants,Kişisel bakım sağlayıcıların ve bireysel asistanların bireysel tutumları,e440 — Individual attitudes of personal care providers and personal assistants — Kişisel bakım sağlayıcıların ve bireysel asistanların bireysel tutumları  
e,e4 – Tutumlar — Attitudes,e450,Individual attitudes of health professionals,Sağlık profesyonellerinin bireysel tutumları,e450 — Individual attitudes of health professionals — Sağlık profesyonellerinin bireysel tutumları  
e,e4 – Tutumlar — Attitudes,e455,Individual attitudes of health‑related professionals,Sağlıkla ilişkili profesyonellerin bireysel tutumları,e455 — Individual attitudes of health‑related professionals — Sağlıkla ilişkili profesyonellerin bireysel tutumları  
e,e4 – Tutumlar — Attitudes,e460,Societal attitudes,Toplumsal tutumlar,e460 — Societal attitudes — Toplumsal tutumlar  
e,e4 – Tutumlar — Attitudes,e465,"Social norms, practices and ideologies","Toplumsal normlar, uygulamalar ve ideolojiler","e465 — Social norms, practices and ideologies — Sosyal normlar, uygulamalar ve ideolojiler  "
e,"e5 – Hizmetler, Sistemler ve Politikalar — Services, Systems and Policies",e525,"Housing services, systems and policies","Barınma hizmetleri, sistemleri ve politikaları","e525 — Housing services, systems and policies — Barınma hizmetleri, sistemleri ve politikaları  "
e,"e5 – Hizmetler, Sistemler ve Politikalar — Services, Systems and Policies",e535,"Communication services, systems and policies","İletişim hizmetleri, sistemleri ve politikaları","e535 — Communication services, systems and policies — İletişim hizmetleri, sistemleri ve politikaları  "
e,"e5 – Hizmetler, Sistemler ve Politikalar — Services, Systems and Policies",e540,"Transportation services, systems and policies","Ulaşım hizmetleri, sistemleri ve politikaları","e540 — Transportation services, systems and policies — Ulaşım hizmetleri, sistemleri ve politikaları  "
e,"e5 – Hizmetler, Sistemler ve Politikalar — Services, Systems and Policies",e545,"Labour and employment services, systems and policies","İşgücü ve istihdam hizmetleri, sistemleri ve politikaları","e545 — Labour and employment services, systems and policies — İşgücü ve istihdam hizmetleri, sistemleri ve politikaları  "
e,"e5 – Hizmetler, Sistemler ve Politikalar — Services, Systems and Policies",e550,"Legal services, systems and policies","Hukuki hizmetler, sistemler ve politikalar","e550 — Legal services, systems and policies — Hukuki hizmetler, sistemler ve politikalar  "
e,"e5 – Hizmetler, Sistemler ve Politikalar — Services, Systems and Policies",e555,"System and policies for economic services, systems and policies",Ekonomik hizmetlere yönelik sistemler ve politikalar,"e555 — System and policies for economic services, systems and policies — Ekonomik hizmet sistemleri ve politikaları  "
e,"e5 – Hizmetler, Sistemler ve Politikalar — Services, Systems and Policies",e560,"Health services, systems and policies","Sağlık hizmetleri, sistemleri ve politikaları","e560 — Health services, systems and policies — Sağlık hizmetleri, sistemleri ve politikaları  "
e,"e5 – Hizmetler, Sistemler ve Politikalar — Services, Systems and Policies",e565,Social security systems,Sosyal güvenlik sistemleri,e565 — Social security systems — Sosyal güvenlik sistemleri  
e,"e5 – Hizmetler, Sistemler ve Politikalar — Services, Systems and Policies",e575,"General social support services, systems and policies","Genel sosyal destek hizmetleri, sistemleri ve politikaları","e575 — General social support services, systems and policies — Genel sosyal destek hizmetleri, sistemleri ve politikaları"